Workbook
Name EXP_BASE: '공식'!$B$2
Name EXP_POW: '공식'!$B$3
Name MOB_HP_K: '공식'!$B$4
Name MOB_HP_POW: '공식'!$B$5
Name MOB_HP_ADD: '공식'!$B$6
Name MOB_ATK_BASE: '공식'!$B$7
Name MOB_ATK_K: '공식'!$B$8
Name MOB_ATK_POW: '공식'!$B$9
Name MOB_EXP_K: '공식'!$B$10
Name MOB_EXP_POW: '공식'!$B$11
Name GOLD_MIN: '공식'!$B$12
Name GOLD_MAX: '공식'!$B$13
Name MITIG_K: '공식'!$B$14
Name HP_GROW: '공식'!$B$15
Name MP_GROW: '공식'!$B$16
Name ATK_GROW: '공식'!$B$17
Name DEF_GROW: '공식'!$B$18

Sheet 안내
A1: 용의 귀환 · 밸런스 시트
A3: 게임 코드(ver 2026.09.29-6)에서 뽑은 실제 수치입니다. 공식은 게임 코드와 같은 식을 엑셀 수식으로 옮겼습니다.
A5: 색 구분
A6: · 파란 글씨: 직접 바꿔 볼 수 있는 입력값 (게임 코드의 상수 · 몬스터 설정)
A7: · 검은 글씨: 수식으로 자동 계산되는 값
A8: · 초록 글씨: 다른 시트에서 가져오는 값
A9: · 노란 칸: 밸런스를 조정할 때 가장 먼저 만져 볼 핵심 상수 ([공식] 시트)
A11: 시트 안내
A12: · 공식: 경험치 · 몬스터 스탯 · 피해 감소 공식의 상수. 여기 값을 바꾸면 다른 시트가 모두 다시 계산됩니다.
A13: · 경험치: 레벨별 필요 경험치와 누적 경험치.
A14: · 몬스터: 몬스터별 레벨 · 체력 · 공격력 · 경험치 · 골드, 레벨업에 필요한 처치 수.
A15: · 직업: 3직업(+초보자) 기본 스탯과 레벨별 성장 (무기·방어구 제외).
... A21: 주의: 게임에 적용하려면 바꾼 값을 코드에 옮겨야 합니다. 이 파일은 시뮬레이션용입니다.

Sheet 공식
A1: 항목 | B1: 값 | C1: 설명 (게임 코드)
A2: EXP_BASE | B2: 90 | C2: 필요 경험치 = FLOOR(EXP_BASE × 레벨^EXP_POW) — needExp()
A3: EXP_POW | B3: 1.55
A4: MOB_HP_K | B4: 7 | C4: 몬스터 체력 = (MOB_HP_K × 레벨^MOB_HP_POW × 역할 + MOB_HP_ADD) × 보스배수(hp) — spawnEnemy()
A5: MOB_HP_POW | B5: 1.35
A6: MOB_HP_ADD | B6: 30
A7: MOB_ATK_BASE | B7: 4 | C7: 몬스터 공격력 = (MOB_ATK_BASE + MOB_ATK_K × 레벨^MOB_ATK_POW) × 역할
A8: MOB_ATK_K | B8: 1.6
A9: MOB_ATK_POW | B9: 1.3
A10: MOB_EXP_K | B10: 9 | C10: 처치 경험치 = MOB_EXP_K × 레벨^MOB_EXP_POW × 역할 × 보스배수(exp)
A11: MOB_EXP_POW | B11: 1.5
A12: GOLD_MIN | B12: 6 | C12: 골드 = 레벨 × (GOLD_MIN ~ GOLD_MAX) × 보스배수(gold)
A13: GOLD_MAX | B13: 11
A14: MITIG_K | B14: 500 | C14: 피해 배율 = MITIG_K / (MITIG_K + 방어력) — mitig()
A15: HP_GROW | B15: 0.13 | C15: 플레이어 최대 체력 = 직업 체력 × (1 + HP_GROW × (레벨-1)) (장비·스탯 제외)
A16: MP_GROW | B16: 0.1 | C16: 플레이어 최대 마력 = 직업 마력 × (1 + MP_GROW × (레벨-1))
A17: ATK_GROW | B17: 0.09 | C17: 플레이어 공격력 = (직업 공격력 + 무기) × (1 + ATK_GROW × (레벨-1))
A18: DEF_GROW | B18: 0.1 | C18: 플레이어 방어력 = 직업 방어력 × (1 + DEF_GROW × (레벨-1))
A20: 출처: 게임 코드 ignis.html (needExp, spawnEnemy, mitig, recalc).

Sheet 경험치
A1: 레벨 | B1: 다음 레벨까지 필요 경험치 | C1: 누적 경험치
A2: 1 | B2: =FLOOR(EXP_BASE*A2^EXP_POW,1) | C2: =B2
A3: 2 | B3: =FLOOR(EXP_BASE*A3^EXP_POW,1) | C3: =C2+B3
A4: 3 | B4: =FLOOR(EXP_BASE*A4^EXP_POW,1) | C4: =C3+B4
A5: 4 | B5: =FLOOR(EXP_BASE*A5^EXP_POW,1) | C5: =C4+B5
A6: 5 | B6: =FLOOR(EXP_BASE*A6^EXP_POW,1) | C6: =C5+B6
A7: 6 | B7: =FLOOR(EXP_BASE*A7^EXP_POW,1) | C7: =C6+B7
A8: 7 | B8: =FLOOR(EXP_BASE*A8^EXP_POW,1) | C8: =C7+B8
A9: 8 | B9: =FLOOR(EXP_BASE*A9^EXP_POW,1) | C9: =C8+B9
A10: 9 | B10: =FLOOR(EXP_BASE*A10^EXP_POW,1) | C10: =C9+B10
A11: 10 | B11: =FLOOR(EXP_BASE*A11^EXP_POW,1) | C11: =C10+B11
A12: 11 | B12: =FLOOR(EXP_BASE*A12^EXP_POW,1) | C12: =C11+B12
A13: 12 | B13: =FLOOR(EXP_BASE*A13^EXP_POW,1) | C13: =C12+B13
A14: 13 | B14: =FLOOR(EXP_BASE*A14^EXP_POW,1) | C14: =C13+B14
... A100: 99 | B100: =FLOOR(EXP_BASE*A100^EXP_POW,1) | C100: =C99+B100

Sheet 몬스터
A1: ID | B1: 이름 | C1: 최소 Lv | D1: 최대 Lv | E1: 평균 Lv | F1: 역할 배수 | G1: 보스 hp배수 | H1: 보스 exp배수 | I1: 보스 gold배수 | J1: 고정 체력 | K1: 고정 공격력 | L1: 고정 경험치 | M1: 체력 | N1: 공격력 | O1: 처치 경험치 | P1: 골드 최소 | Q1: 골드 최대 | R1: 레벨업까지 처치 수 | S1: 보스 | T1: 원거리 | U1: 특수기 | V1: 전리품
A2: ashGoblin | B2: 잿빛 해골병 | C2: 1 | D2: 1 | E2: =C2 | J2: 48 | K2: 7 | L2: 22 | M2: =J2 | N2: =K2 | O2: =L2 | P2: 5 | Q2: 12 | R2: =IFERROR(ROUNDUP(INDEX(경험치!$B$2:$B$100,MIN(99,MAX(1,E2)))/O2,0),"-")
A3: wolfBoss | B3: 타락한 해골 주술사 | C3: 3 | D3: 3 | E3: =C3 | J3: 620 | K3: 13 | L3: 180 | M3: =J3 | N3: =K3 | O3: =L3 | P3: 120 | Q3: 120 | R3: =IFERROR(ROUNDUP(INDEX(경험치!$B$2:$B$100,MIN(99,MAX(1,E3)))/O3,0),"-") | S3: O | U3: wolf
A4: boar | B4: 잠든 해골병 | C4: 2 | D4: 2 | E4: =C4 | J4: 85 | K4: 8 | L4: 28 | M4: =J4 | N4: =K4 | O4: =L4 | P4: 12 | Q4: 24 | R4: =IFERROR(ROUNDUP(INDEX(경험치!$B$2:$B$100,MIN(99,MAX(1,E4)))/O4,0),"-")
A5: raider | B5: 약탈자 해골병 | C5: 3 | D5: 3 | E5: =C5 | J5: 105 | K5: 10 | L5: 36 | M5: =J5 | N5: =K5 | O5: =L5 | P5: 18 | Q5: 30 | R5: =IFERROR(ROUNDUP(INDEX(경험치!$B$2:$B$100,MIN(99,MAX(1,E5)))/O5,0),"-")
A6: slinger | B6: 약탈자 해골 석궁병 | C6: 4 | D6: 4 | E6: =C6 | J6: 80 | K6: 9 | L6: 36 | M6: =J6 | N6: =K6 | O6: =L6 | P6: 18 | Q6: 30 | R6: =IFERROR(ROUNDUP(INDEX(경험치!$B$2:$B$100,MIN(99,MAX(1,E6)))/O6,0),"-") | T6: O
A7: ox | B7: 타락한 해골 돌격병 | C7: 5 | D7: 5 | E7: =C7 | J7: 280 | K7: 14 | L7: 62 | M7: =J7 | N7: =K7 | O7: =L7 | P7: 40 | Q7: 60 | R7: =IFERROR(ROUNDUP(INDEX(경험치!$B$2:$B$100,MIN(99,MAX(1,E7)))/O7,0),"-") | U7: charge
A8: turka | B8: 해골병 행동대장 투르카 | C8: 6 | D8: 6 | E8: =C8 | J8: 1300 | K8: 17 | L8: 420 | M8: =J8 | N8: =K8 | O8: =L8 | P8: 500 | Q8: 500 | R8: =IFERROR(ROUNDUP(INDEX(경험치!$B$2:$B$100,MIN(99,MAX(1,E8)))/O8,0),"-") | S8: O | U8: whirl
A9: beastBoar | B9: 야수 부족 사냥꾼 | C9: 2 | D9: 8 | E9: =ROUND((C9+D9)/2,0) | F9: 1 | G9: 1 | H9: 1 | I9: 1 | M9: =ROUND((MOB_HP_K*E9^MOB_HP_POW*F9+MOB_HP_ADD)*G9,0) | N9: =ROUND((MOB_ATK_BASE+MOB_ATK_K*E9^MOB_ATK_POW)*F9,0) | O9: =ROUND(MOB_EXP_K*E9^MOB_EXP_POW*F9*H9,0) | P9: =E9*GOLD_MIN*I9 | Q9: =E9*GOLD_MAX*I9 | R9: =IFERROR(ROUNDUP(INDEX(경험치!$B$2:$B$100,MIN(99,MAX(1,E9)))/O9,0),"-") | V9: 짐승 가죽
A10: beastWolf | B10: 흑갈색 늑대 전사 | C10: 8 | D10: 15 | E10: =ROUND((C10+D10)/2,0) | F10: 1.1 | G10: 1 | H10: 1 | I10: 1 | M10: =ROUND((MOB_HP_K*E10^MOB_HP_POW*F10+MOB_HP_ADD)*G10,0) | N10: =ROUND((MOB_ATK_BASE+MOB_ATK_K*E10^MOB_ATK_POW)*F10,0) | O10: =ROUND(MOB_EXP_K*E10^MOB_EXP_POW*F10*H10,0) | P10: =E10*GOLD_MIN*I10 | Q10: =E10*GOLD_MAX*I10 | R10: =IFERROR(ROUNDUP(INDEX(경험치!$B$2:$B$100,MIN(99,MAX(1,E10)))/O10,0),"-") | V10: 짐승 가죽
A11: graveSkel | B11: 해골 병사 | C11: 15 | D11: 30 | E11: =ROUND((C11+D11)/2,0) | F11: 1 | G11: 1 | H11: 1 | I11: 1 | M11: =ROUND((MOB_HP_K*E11^MOB_HP_POW*F11+MOB_HP_ADD)*G11,0) | N11: =ROUND((MOB_ATK_BASE+MOB_ATK_K*E11^MOB_ATK_POW)*F11,0) | O11: =ROUND(MOB_EXP_K*E11^MOB_EXP_POW*F11*H11,0) | P11: =E11*GOLD_MIN*I11 | Q11: =E11*GOLD_MAX*I11 | R11: =IFERROR(ROUNDUP(INDEX(경험치!$B$2:$B$100,MIN(99,MAX(1,E11)))/O11,0),"-") | V11: 뼛조각
A12: graveGhost | B12: 억울한 원혼 | C12: 28 | D12: 40 | E12: =ROUND((C12+D12)/2,0) | F12: 0.9 | G12: 1 | H12: 1 | I12: 1 | M12: =ROUND((MOB_HP_K*E12^MOB_HP_POW*F12+MOB_HP_ADD)*G12,0) | N12: =ROUND((MOB_ATK_BASE+MOB_ATK_K*E12^MOB_ATK_POW)*F12,0) | O12: =ROUND(MOB_EXP_K*E12^MOB_EXP_POW*F12*H12,0) | P12: =E12*GOLD_MIN*I12 | Q12: =E12*GOLD_MAX*I12 | R12: =IFERROR(ROUNDUP(INDEX(경험치!$B$2:$B$100,MIN(99,MAX(1,E12)))/O12,0),"-") | T12: O | V12: 원혼의 눈물
A13: clockDoll | B13: 기계 인형 | C13: 40 | D13: 56 | E13: =ROUND((C13+D13)/2,0) | F13: 1 | G13: 1 | H13: 1 | I13: 1 | M13: =ROUND((MOB_HP_K*E13^MOB_HP_POW*F13+MOB_HP_ADD)*G13,0) | N13: =ROUND((MOB_ATK_BASE+MOB_ATK_K*E13^MOB_ATK_POW)*F13,0) | O13: =ROUND(MOB_EXP_K*E13^MOB_EXP_POW*F13*H13,0) | P13: =E13*GOLD_MIN*I13 | Q13: =E13*GOLD_MAX*I13 | R13: =IFERROR(ROUNDUP(INDEX(경험치!$B$2:$B$100,MIN(99,MAX(1,E13)))/O13,0),"-") | V13: 녹슨 태엽
A14: clockGolem | B14: 파괴된 태엽 골렘 | C14: 56 | D14: 70 | E14: =ROUND((C14+D14)/2,0) | F14: 1.6 | G14: 1 | H14: 1 | I14: 1 | M14: =ROUND((MOB_HP_K*E14^MOB_HP_POW*F14+MOB_HP_ADD)*G14,0) | N14: =ROUND((MOB_ATK_BASE+MOB_ATK_K*E14^MOB_ATK_POW)*F14,0) | O14: =ROUND(MOB_EXP_K*E14^MOB_EXP_POW*F14*H14,0) | P14: =E14*GOLD_MIN*I14 | Q14: =E14*GOLD_MAX*I14 | R14: =IFERROR(ROUNDUP(INDEX(경험치!$B$2:$B$100,MIN(99,MAX(1,E14)))/O14,0),"-") | U14: slam | V14: 골렘 핵
A15: asuraGoblin | B15: 붉은 눈 도깨비 | C15: 70 | D15: 84 | E15: =ROUND((C15+D15)/2,0) | F15: 1.1 | G15: 1 | H15: 1 | I15: 1 | M15: =ROUND((MOB_HP_K*E15^MOB_HP_POW*F15+MOB_HP_ADD)*G15,0) | N15: =ROUND((MOB_ATK_BASE+MOB_ATK_K*E15^MOB_ATK_POW)*F15,0) | O15: =ROUND(MOB_EXP_K*E15^MOB_EXP_POW*F15*H15,0) | P15: =E15*GOLD_MIN*I15 | Q15: =E15*GOLD_MAX*I15 | R15: =IFERROR(ROUNDUP(INDEX(경험치!$B$2:$B$100,MIN(99,MAX(1,E15)))/O15,0),"-") | V15: 도깨비 뿔
A16: asuraWarrior | B16: 아수라 전사 | C16: 84 | D16: 97 | E16: =ROUND((C16+D16)/2,0) | F16: 1.3 | G16: 1 | H16: 1 | I16: 1 | M16: =ROUND((MOB_HP_K*E16^MOB_HP_POW*F16+MOB_HP_ADD)*G16,0) | N16: =ROUND((MOB_ATK_BASE+MOB_ATK_K*E16^MOB_ATK_POW)*F16,0) | O16: =ROUND(MOB_EXP_K*E16^MOB_EXP_POW*F16*H16,0) | P16: =E16*GOLD_MIN*I16 | Q16: =E16*GOLD_MAX*I16 | R16: =IFERROR(ROUNDUP(INDEX(경험치!$B$2:$B$100,MIN(99,MAX(1,E16)))/O16,0),"-") | U16: whirl | V16: 아수라의 혼
A17: beastsBoss | B17: 고목의 파수꾼 베르단 | C17: 16 | D17: 16 | E17: =ROUND((C17+D17)/2,0) | F17: 1.5 | G17: 14 | H17: 6 | I17: 15 | M17: =ROUND((MOB_HP_K*E17^MOB_HP_POW*F17+MOB_HP_ADD)*G17,0) | N17: =ROUND((MOB_ATK_BASE+MOB_ATK_K*E17^MOB_ATK_POW)*F17,0) | O17: =ROUND(MOB_EXP_K*E17^MOB_EXP_POW*F17*H17,0) | P17: =E17*GOLD_MIN*I17 | Q17: =E17*GOLD_MAX*I17 | R17: =IFERROR(ROUNDUP(INDEX(경험치!$B$2:$B$100,MIN(99,MAX(1,E17)))/O17,0),"-") | S17: O | U17: slam | V17: 고목의 심장
A18: graveBoss | B18: 진홍의 망령기사 | C18: 41 | D18: 41 | E18: =ROUND((C18+D18)/2,0) | F18: 1.5 | G18: 14 | H18: 6 | I18: 15 | M18: =ROUND((MOB_HP_K*E18^MOB_HP_POW*F18+MOB_HP_ADD)*G18,0) | N18: =ROUND((MOB_ATK_BASE+MOB_ATK_K*E18^MOB_ATK_POW)*F18,0) | O18: =ROUND(MOB_EXP_K*E18^MOB_EXP_POW*F18*H18,0) | P18: =E18*GOLD_MIN*I18 | Q18: =E18*GOLD_MAX*I18 | R18: =IFERROR(ROUNDUP(INDEX(경험치!$B$2:$B$100,MIN(99,MAX(1,E18)))/O18,0),"-") | S18: O | U18: whirl | V18: 망령기사의 투구
A19: clockBoss | B19: 황혼의 여제 | C19: 71 | D19: 71 | E19: =ROUND((C19+D19)/2,0) | F19: 1.5 | G19: 14 | H19: 6 | I19: 15 | M19: =ROUND((MOB_HP_K*E19^MOB_HP_POW*F19+MOB_HP_ADD)*G19,0) | N19: =ROUND((MOB_ATK_BASE+MOB_ATK_K*E19^MOB_ATK_POW)*F19,0) | O19: =ROUND(MOB_EXP_K*E19^MOB_EXP_POW*F19*H19,0) | P19: =E19*GOLD_MIN*I19 | Q19: =E19*GOLD_MAX*I19 | R19: =IFERROR(ROUNDUP(INDEX(경험치!$B$2:$B$100,MIN(99,MAX(1,E19)))/O19,0),"-") | S19: O | T19: O | U19: arcane | V19: 황금 태엽 날개
A20: asuraBoss | B20: 강철턱 도깨비 대장 | C20: 98 | D20: 98 | E20: =ROUND((C20+D20)/2,0) | F20: 1.5 | G20: 14 | H20: 6 | I20: 15 | M20: =ROUND((MOB_HP_K*E20^MOB_HP_POW*F20+MOB_HP_ADD)*G20,0) | N20: =ROUND((MOB_ATK_BASE+MOB_ATK_K*E20^MOB_ATK_POW)*F20,0) | O20: =ROUND(MOB_EXP_K*E20^MOB_EXP_POW*F20*H20,0) | P20: =E20*GOLD_MIN*I20 | Q20: =E20*GOLD_MAX*I20 | R20: =IFERROR(ROUNDUP(INDEX(경험치!$B$2:$B$100,MIN(99,MAX(1,E20)))/O20,0),"-") | S20: O | U20: whirl | V20: 강철 턱뼈
A21: graveLord | B21: 진홍 군주 | C21: 45 | D21: 45 | E21: =ROUND((C21+D21)/2,0) | F21: 1.8 | G21: 22 | H21: 9 | I21: 22 | M21: =ROUND((MOB_HP_K*E21^MOB_HP_POW*F21+MOB_HP_ADD)*G21,0) | N21: =ROUND((MOB_ATK_BASE+MOB_ATK_K*E21^MOB_ATK_POW)*F21,0) | O21: =ROUND(MOB_EXP_K*E21^MOB_EXP_POW*F21*H21,0) | P21: =E21*GOLD_MIN*I21 | Q21: =E21*GOLD_MAX*I21 | R21: =IFERROR(ROUNDUP(INDEX(경험치!$B$2:$B$100,MIN(99,MAX(1,E21)))/O21,0),"-") | S21: O | U21: slam | V21: 진홍 군주의 룬검
A22: asuraGate | B22: 지옥 룬검 군주 | C22: 97 | D22: 97 | E22: =ROUND((C22+D22)/2,0) | F22: 1.9 | G22: 24 | H22: 9 | I22: 24 | M22: =ROUND((MOB_HP_K*E22^MOB_HP_POW*F22+MOB_HP_ADD)*G22,0) | N22: =ROUND((MOB_ATK_BASE+MOB_ATK_K*E22^MOB_ATK_POW)*F22,0) | O22: =ROUND(MOB_EXP_K*E22^MOB_EXP_POW*F22*H22,0) | P22: =E22*GOLD_MIN*I22 | Q22: =E22*GOLD_MAX*I22 | R22: =IFERROR(ROUNDUP(INDEX(경험치!$B$2:$B$100,MIN(99,MAX(1,E22)))/O22,0),"-") | S22: O | U22: whirl | V22: 지옥의 룬 파편
A23: barakas | B23: 멸세제룡 바라카스 | C23: 99 | D23: 99 | E23: =C23 | J23: 1500000 | K23: 1400 | L23: 6000000 | M23: =J23 | N23: =K23 | O23: =L23 | P23: 250000 | Q23: 500000 | R23: =IFERROR(ROUNDUP(INDEX(경험치!$B$2:$B$100,MIN(99,MAX(1,E23)))/O23,0),"-") | S23: O | U23: barakas
A24: bloodShaman | B24: 용혈 주술사 | C24: 99 | D24: 99 | E24: =C24 | J24: 60000 | K24: 520 | L24: 30000 | M24: =J24 | N24: =K24 | O24: =L24 | P24: 2000 | Q24: 4000 | R24: =IFERROR(ROUNDUP(INDEX(경험치!$B$2:$B$100,MIN(99,MAX(1,E24)))/O24,0),"-") | T24: O
A25: deepCrawler | B25: 심해의 기어오르는 자 | C25: 96 | D25: 99 | E25: =ROUND((C25+D25)/2,0) | F25: 1.1 | G25: 1 | H25: 1 | I25: 1 | M25: =ROUND((MOB_HP_K*E25^MOB_HP_POW*F25+MOB_HP_ADD)*G25,0) | N25: =ROUND((MOB_ATK_BASE+MOB_ATK_K*E25^MOB_ATK_POW)*F25,0) | O25: =ROUND(MOB_EXP_K*E25^MOB_EXP_POW*F25*H25,0) | P25: =E25*GOLD_MIN*I25 | Q25: =E25*GOLD_MAX*I25 | R25: =IFERROR(ROUNDUP(INDEX(경험치!$B$2:$B$100,MIN(99,MAX(1,E25)))/O25,0),"-") | V25: 심해의 비늘
A26: kraken | B26: 심해의 인어 괴물 세이렌 | C26: 99 | D26: 99 | E26: =C26 | J26: 800000 | K26: 1100 | L26: 3000000 | M26: =J26 | N26: =K26 | O26: =L26 | P26: 80000 | Q26: 150000 | R26: =IFERROR(ROUNDUP(INDEX(경험치!$B$2:$B$100,MIN(99,MAX(1,E26)))/O26,0),"-") | S26: O
A27: krakenArm | B27: 세이렌의 해일 결정 | C27: 99 | D27: 99 | E27: =ROUND((C27+D27)/2,0) | F27: 0.9 | G27: 7 | H27: 1 | I27: 1 | M27: =ROUND((MOB_HP_K*E27^MOB_HP_POW*F27+MOB_HP_ADD)*G27,0) | N27: =ROUND((MOB_ATK_BASE+MOB_ATK_K*E27^MOB_ATK_POW)*F27,0) | O27: =ROUND(MOB_EXP_K*E27^MOB_EXP_POW*F27*H27,0) | P27: =E27*GOLD_MIN*I27 | Q27: =E27*GOLD_MAX*I27 | R27: =IFERROR(ROUNDUP(INDEX(경험치!$B$2:$B$100,MIN(99,MAX(1,E27)))/O27,0),"-")
A28: coralCrab | B28: 산호 등껍질 괴수 | C28: 99 | D28: 99 | E28: =ROUND((C28+D28)/2,0) | F28: 1.4 | G28: 1 | H28: 1 | I28: 1 | M28: =ROUND((MOB_HP_K*E28^MOB_HP_POW*F28+MOB_HP_ADD)*G28,0) | N28: =ROUND((MOB_ATK_BASE+MOB_ATK_K*E28^MOB_ATK_POW)*F28,0) | O28: =ROUND(MOB_EXP_K*E28^MOB_EXP_POW*F28*H28,0) | P28: =E28*GOLD_MIN*I28 | Q28: =E28*GOLD_MAX*I28 | R28: =IFERROR(ROUNDUP(INDEX(경험치!$B$2:$B$100,MIN(99,MAX(1,E28)))/O28,0),"-") | V28: 빛나는 산호 조각
A29: drownedKnight | B29: 익사한 옛 기사 | C29: 99 | D29: 99 | E29: =ROUND((C29+D29)/2,0) | F29: 1.6 | G29: 1 | H29: 1 | I29: 1 | M29: =ROUND((MOB_HP_K*E29^MOB_HP_POW*F29+MOB_HP_ADD)*G29,0) | N29: =ROUND((MOB_ATK_BASE+MOB_ATK_K*E29^MOB_ATK_POW)*F29,0) | O29: =ROUND(MOB_EXP_K*E29^MOB_EXP_POW*F29*H29,0) | P29: =E29*GOLD_MIN*I29 | Q29: =E29*GOLD_MAX*I29 | R29: =IFERROR(ROUNDUP(INDEX(경험치!$B$2:$B$100,MIN(99,MAX(1,E29)))/O29,0),"-") | U29: whirl | V29: 녹슨 신전 문장
A30: abyssCaller | B30: 심연의 부름꾼 | C30: 99 | D30: 99 | E30: =ROUND((C30+D30)/2,0) | F30: 1.3 | G30: 1 | H30: 1 | I30: 1 | M30: =ROUND((MOB_HP_K*E30^MOB_HP_POW*F30+MOB_HP_ADD)*G30,0) | N30: =ROUND((MOB_ATK_BASE+MOB_ATK_K*E30^MOB_ATK_POW)*F30,0) | O30: =ROUND(MOB_EXP_K*E30^MOB_EXP_POW*F30*H30,0) | P30: =E30*GOLD_MIN*I30 | Q30: =E30*GOLD_MAX*I30 | R30: =IFERROR(ROUNDUP(INDEX(경험치!$B$2:$B$100,MIN(99,MAX(1,E30)))/O30,0),"-") | T30: O | V30: 심연의 진주
A31: coralQueen | B31: 산호 여왕 네레이스 | C31: 99 | D31: 99 | E31: =ROUND((C31+D31)/2,0) | F31: 2 | G31: 30 | H31: 12 | I31: 30 | M31: =ROUND((MOB_HP_K*E31^MOB_HP_POW*F31+MOB_HP_ADD)*G31,0) | N31: =ROUND((MOB_ATK_BASE+MOB_ATK_K*E31^MOB_ATK_POW)*F31,0) | O31: =ROUND(MOB_EXP_K*E31^MOB_EXP_POW*F31*H31,0) | P31: =E31*GOLD_MIN*I31 | Q31: =E31*GOLD_MAX*I31 | R31: =IFERROR(ROUNDUP(INDEX(경험치!$B$2:$B$100,MIN(99,MAX(1,E31)))/O31,0),"-") | S31: O | U31: whirl | V31: 산호 여왕의 왕관
A32: ignis | B32: 고대 드래곤 이그니스 | C32: 99 | D32: 99 | E32: =C32 | J32: 300000 | K32: 900 | L32: 2000000 | M32: =J32 | N32: =K32 | O32: =L32 | P32: 60000 | Q32: 120000 | R32: =IFERROR(ROUNDUP(INDEX(경험치!$B$2:$B$100,MIN(99,MAX(1,E32)))/O32,0),"-") | S32: O | U32: ignis
A34: 레벨 범위가 있는 몬스터는 평균 레벨 기준 수치입니다. 실제로는 스폰마다 최소~최대 레벨 사이에서 정해집니다. 고정 수치 몬스터(초반 · 레이드 보스)는 파란 칸을 직접 바꾸세요.
A35: 레벨업까지 처치 수 = 그 몬스터 평균 레벨에서 다음 레벨까지 필요 경험치 ÷ 처치 경험치.

Sheet 직업
A1: 직업 | B1: 기본 체력 | C1: 기본 마력 | D1: 기본 공격력 | E1: 기본 방어력 | F1: 사거리 | G1: 공격 간격(초) | H1: 치명타 | I1: 물리방어 배율 | J1: 마법방어 배율 | K1: 진급 이름 | L1: 각성 | M1: 계산 레벨 | N1: 체력 (계산) | O1: 마력 (계산) | P1: 공격력 (계산, 무기 제외) | Q1: 방어력 (계산) | R1: 받는 피해 배율
A2: 초보자 | B2: 230 | C2: 100 | D2: 13 | E2: 9 | F2: 2.1 | G2: 0.9 | H2: 0.12 | I2: 1 | J2: 1 | M2: 99 | N2: =ROUND(B2*(1+HP_GROW*(M2-1)),0) | O2: =ROUND(C2*(1+MP_GROW*(M2-1)),0) | P2: =ROUND(D2*(1+ATK_GROW*(M2-1)),0) | Q2: =ROUND(E2*(1+DEF_GROW*(M2-1)),0) | R2: =MITIG_K/(MITIG_K+Q2)
A3: 전사 | B3: 330 | C3: 110 | D3: 14 | E3: 15 | F3: 2.2 | G3: 0.95 | H3: 0.12 | I3: 1 | J3: 0.6 | K3: 전사 → 검객 → 검성 | L3: 검성 | M3: 99 | N3: =ROUND(B3*(1+HP_GROW*(M3-1)),0) | O3: =ROUND(C3*(1+MP_GROW*(M3-1)),0) | P3: =ROUND(D3*(1+ATK_GROW*(M3-1)),0) | Q3: =ROUND(E3*(1+DEF_GROW*(M3-1)),0) | R3: =MITIG_K/(MITIG_K+Q3)
A4: 도적 | B4: 215 | C4: 120 | D4: 16 | E4: 6 | F4: 1.9 | G4: 0.62 | H4: 0.28 | I4: 0.4 | J4: 0.5 | K4: 도적 → 암살자 → 암흑의 군주 | L4: 암흑의 군주 | M4: 99 | N4: =ROUND(B4*(1+HP_GROW*(M4-1)),0) | O4: =ROUND(C4*(1+MP_GROW*(M4-1)),0) | P4: =ROUND(D4*(1+ATK_GROW*(M4-1)),0) | Q4: =ROUND(E4*(1+DEF_GROW*(M4-1)),0) | R4: =MITIG_K/(MITIG_K+Q4)
A5: 힐러 | B5: 165 | C5: 220 | D5: 16 | E5: 4 | F5: 9 | G5: 1 | H5: 0.12 | I5: 0.25 | J5: 1 | K5: 힐러 → 사제 → 성직자 | L5: 성직자 | M5: 99 | N5: =ROUND(B5*(1+HP_GROW*(M5-1)),0) | O5: =ROUND(C5*(1+MP_GROW*(M5-1)),0) | P5: =ROUND(D5*(1+ATK_GROW*(M5-1)),0) | Q5: =ROUND(E5*(1+DEF_GROW*(M5-1)),0) | R5: =MITIG_K/(MITIG_K+Q5)
A7: 장비 · 스탯 포인트 · 진급(2차 +10%, 각성 +20%) · 세트 효과는 제외한 기본 성장치입니다.

Sheet 스킬
A1: 직업 | B1: 슬롯 | C1: 스킬 | D1: 해금 Lv | E1: 재사용(초) | F1: 마력 | G1: 패시브 | H1: 설명
A2: 초보자 | B2: atk | C2: 휘두르기 | D2: 1 | H2: 전방 좁은 범위에 물리 피해
A3: 초보자 | B3: s1 | C3: 힘껏 베기 | D3: 1 | E3: 6 | F3: 10 | H3: 전방을 힘껏 베어 2배 피해
A4: 전사 | B4: atk | C4: 대검 베기 | D4: 1 | H4: 전방 범위에 물리 피해
A5: 전사 | B5: s1 | C5: 대지 분쇄 | D5: 15 | E5: 12 | H5: 전방 6m 돌진 후 지면 강타: 물리 180% 피해 + 1.5초 기절 · 분노 +15
A6: 전사 | B6: s2 | C6: 수호의 반격 | D6: 35 | E6: 16 | H6: 2초 방어 채널링: 최대 체력 20% 보호막 · 흡수 피해 10%당 분노 5 · 끝나면 주변 4m 충격파 (150% + 흡수량 40%)
A7: 전사 | B7: s3 | C7: 광풍 참격 | D7: 55 | E7: 8 | H7: 분노 전부 소모 (최소 30): 물리 250% × (1 + 소모 분노/100 × 1.4) — 분노 100이면 600% · 대상 방어력 30% 관통
A8: 전사 | B8: ult | C8: 지각 변동 | D8: 80 | E8: 28 | F8: 150 | H8: 도약 후 내리찍어 광역 띄움 + 400% 피해
A9: 도적 | B9: atk | C9: 쌍검 난도 | D9: 1 | H9: 두 자루 단검으로 빠르게 벤다
A10: 도적 | B10: s1 | C10: 그림자 침투 | D10: 15 | E10: 14 | H10: 기력 20 · 대상의 배후로 순간 이동해 120% 피해 + 1.5초 침묵 · 3초 은신 · 급소 +1
A11: 도적 | B11: s2 | C11: 급소 베기 | D11: 35 | E11: 3 | H11: 기력 30 · 150% 연타 + 4초 출혈 (초당 35%) · 등 뒤면 치명타 +20% · 급소 +1
A12: 도적 | B12: s3 | C12: 영혼 적출 | D12: 55 | E12: 10 | H12: 기력 10 + 급소 전부: 물리 200% × (1 + 포인트 × 0.6) — 5개 800% · 대상 체력 30% 이하 ×1.5 · 등 뒤 치명타 ×1.85
A13: 도적 | B13: ult | C13: 암살 | D13: 80 | E13: 26 | F13: 150 | H13: 단일 대상 800% 피해, 체력 50% 이하면 두 배
A14: 힐러 | B14: atk | C14: 신성탄 | D14: 1 | H14: 신성한 빛을 쏜다. 적중하면 체력을 조금 회복한다
A15: 힐러 | B15: s1 | C15: 성역 선포 | D15: 15 | E15: 18 | H15: 신력 40 · 대상 위치에 반경 8m 성역 8초: 적 초당 45% 신성 피해 + 이동 속도 40%↓ · 안의 아군 초당 15% 보호막
A16: 힐러 | B16: s2 | C16: 천벌의 심판 | D16: 35 | E16: 10 | H16: 신력 35 · 1초 시전 후 성역 중심에 마법 480% (마법 피해 70% + 방어 무시 신성 고정 피해 30%) + 1.2초 에어본
A17: 힐러 | B17: s3 | C17: 권능 강림 | D17: 55 | E17: 60 | H17: 신력 100 · 10초간 스킬 피해 +30% · 쿨타임 50%↓ · 상태이상 면역 · 성역 범위 2배 (16m)
A18: 힐러 | B18: ult | C18: 신의 강림 | D18: 85 | E18: 120 | F18: 300 | H18: 체력 완전 회복 + 30초 변신: 치유량 50%↑, 쿨타임 50%↓, 신성 파동, 쓰러지면 즉시 부활(1회)

Sheet 장비 등급
A1: 등급 | B1: 착용 Lv | C1: 무기 공격력 | D1: 방어구 방어력 | E1: 전사 무기 | F1: 도적 무기 | G1: 신관 무기 | H1: 전사 방어구 | I1: 도적 방어구 | J1: 신관 방어구
A2: 0 | B2: 1 | C2: 6 | D2: 5 | E2: 수련용 목검 | F2: 수련용 목검 | G2: 수련용 목검 | H2: 목판 갑옷 / 가죽 톳옷 | I2: 목판 갑옷 / 가죽 톳옷 | J2: 목판 갑옷 / 가죽 톳옷
A3: 1 | B3: 15 | C3: 20 | D3: 10 | E3: 강철 대검 | F3: 암살자의 비가 | G3: 령환의 방울 | H3: 강철 판금 | I3: 날렵한 가죽갑 | J3: 령사 로브
A4: 2 | B4: 30 | C4: 34 | D4: 18 | E4: 원혼을 베는 자 | F4: 원혼의 뼈단검 | G4: 혼령의 신봉 | H4: 백골 판금 | I4: 칠흑 가죽갑 | J4: 영혼 주술포
A5: 3 | B5: 45 | C5: 52 | D5: 28 | E5: 태엽 거대도 | F5: 미로의 톱니검 | G5: 톱니 부적 | H5: 태엽 강화갑 | I5: 정밀 가죽갑 | J5: 환영의 신사복
A6: 4 | B6: 60 | C6: 74 | D6: 40 | E6: 마력 기계대검 | F6: 붉은 태엽 단도 | G6: 천상의 령봉 | H6: 미로 수호판금 | I6: 그림자 수호갑 | J6: 성스러운 신사 로브
A7: 5 | B7: 75 | C7: 100 | D7: 55 | E7: 아수라 파천도 | F7: 흑야의 암귀검 | G7: 강신 무당령 | H7: 아수라 중갑 | I7: 흑야의 야사갑 | J7: 천신 주술의복
A8: 6 | B8: 90 | C8: 130 | D8: 72 | E8: 멸악 패왕검 | F8: 시귀의 환영검 | G8: 신통 만신봉 | H8: 멸악 패왕갑 | I8: 시귀의 은신갑 | J8: 신통 만신 로브
A9: 7 | B9: 99 | C9: 150 | D9: 90 | E9: 용혈 파천검 | F9: 용혈 섬광단검 | G9: 용혈 멸세령 | H9: 용혈 파천중갑 | I9: 용혈 섬광가죽갑 | J9: 용혈 멸세제사장복

Sheet 전설 세트
A1: 직업 | B1: 구분 | C1: 이름 | D1: 수치 | E1: 효과
A2: 전사 | B2: 전설 무기 | C2: 용혈 파천검 | D2: atk 1850, str 120, vit 100, pierce 15 | E2: 용의 위압 — 공격 시 10% 확률로 5초간 적 방어력 20% 감소 + 자신에게 [용의 비늘] (중첩당 물리·마법 방어 +3%, 최대 5중첩)
A3: 전사 | B3: 전설 방어구 | C3: 용혈 파천중갑 | D3: pdef 2400, mdef 1800, hp 8500, dr 12 | E3: 용혈의 반사 — 피격 시 15% 확률로 받은 피해의 30%를 주변 5m 적에게 화염 반사
A4: 전사 | B4: 2세트 · 용혈 파천 세트 | C4: 멸세의 파천가 | E4: 불굴의 용혈: 체력 30% 이하가 되면 10초간 상태이상 면역 + 받는 피해 50% 감소 (재사용 120초) / 패왕의 광역 도발: [대지 분쇄] 범위 +50%, 기절시킨 적에게 주는 피해 +25%
A5: 도적 | B5: 전설 무기 | C5: 용혈 섬광단검 | D5: atk 1620, dex 145, crit 18, critd 45 | E5: 용혈의 습격 — 은신 중 첫 공격은 100% 치명타 + 5초간 이동·공격 속도 +25%
A6: 도적 | B6: 전설 방어구 | C6: 용혈 섬광가죽갑 | D6: pdef 1250, mdef 1100, dodge 15, dex 85 | E6: 그림자 비상 — 물리 공격 회피 15% · 회피 성공 시 3초간 모든 물리 공격 무효 (재사용 30초)
A7: 도적 | B7: 2세트 · 용혈 섬광 세트 | C7: 섬광의 처형자 | E7: 용혈의 낙인: 치명타 시 10% 확률로 낙인, 3중첩 시 폭발해 적 최대 체력 5% 추가 피해 (보스는 공격력 30배까지) / 시귀의 환영: [그림자 침투]·[영혼 적출] 재사용 대기 20% 감소, 은신 해제 후 3초간 방어 무시 20%
A8: 신관 | B8: 전설 무기 | C8: 용혈 멸세령 | D8: atk 1780, int 150, mp 6000, heal 25 | E8: 영혼 구원 — 치유·보호막을 걸면 10초간 물리·마법 방어 +15%
A9: 신관 | B9: 전설 방어구 | C9: 용혈 멸세제사장복 | D9: pdef 1100, mdef 2200, mpregen 50, int 90 | E9: 신성 결계 — 체력 40% 이하로 피격 시 주변 6m 적 3초 기절 + 최대 마력 30% 보호막 (재사용 60초)
A10: 신관 | B10: 2세트 · 용혈 멸세 세트 | C10: 강신 멸세의 기적 | E10: 주술과 봉인의 극의: [성역 선포] 범위 +100%, 성역에 봉인된 적의 공격력 30% 감소 / 용혈의 구원 기적: 빈사(체력 10% 이하)에 빠지면 3초 무적 + 체력·마력 50% 회복 (재사용 300초)
A11: 전사 | B11: 영웅 세트 3·5세트 | C11: 용혈 패왕 | E11: 3세트 [용의 역린] 피격·공격 성공 시 15% 확률로 용염: 10초간 공격력 +25%, 받는 피해 -15% (최대 3중첩) / 5세트 [불사신: 용혈 강림] 죽을 피해를 받으면 5초 무적 + 주변 적 3초 기절 + 체력 50% 회복 (재사용 180초) · 근접 공격 시 20% 확률로 500% 용의 충격파
A12: 도적 | B12: 영웅 세트 3·5세트 | C12: 시귀 환영 | E12: 3세트 [그림자 습격] 은신 첫 타격 치명타 확정 · 치명타 피해 +60% · 회피 +25% / 5세트 [환영 처형 & 연쇄 암살] 공격 시 10% 확률로 그림자 분신 2명이 800% 연타 · 적 처치 시 모든 스킬 쿨타임 초기화
A13: 신관 | B13: 영웅 세트 3·5세트 | C13: 성녀의 축복 | E13: 3세트 [신성 가호] 치유량 +35% · 신성 피해 +35% · MP 초당 4% 회복 / 5세트 [천신 심판 & 부활의 기적] 강신 60초 + 주변 초당 350% 신성 피해 · 쓰러지면 체력 100%로 즉시 부활 (구역마다 3회)

Sheet 지역
A1: ID | B1: 지역 이름 | C1: 드롭 장비 등급
A2: inn | B2: 잿빛 잎새 마을 · 여관
A3: hall | B3: 천명 성채 · 진급의 전당
A4: eternal | B4: 영원한 성채 · 각성의 시련
A5: village | B5: 잿빛 잎새 마을
A6: plains | B6: 바람노래 평원
A7: citadel | B7: 천명 성채
A8: beasts | B8: 서쪽 사냥터 1 · 야수 서식지 | C8: 0
A9: grave | B9: 서쪽 사냥터 2 · 원혼의 묘지 | C9: 1,2
A10: clock | B10: 서쪽 사냥터 3 · 태엽 미로 | C10: 3,4
A11: asura | B11: 서쪽 사냥터 4 · 아수라 흑야 협곡 | C11: 5,6
A12: altar | B12: 용혈의 제단 | C12: 7
A13: lair | B13: 용혈의 제단 · 멸세의 둥지
A14: port | B14: 천명 항구
A15: sea | B15: 영원의 방주 · 호위전 | C15: 7
A16: coral | B16: 용의 바다 · 잊혀진 산호 항구 | C16: 7
